rs_id,p_val,gene_symbol,chromosome,location,source
rs2446581,1 x 10-10,FRMD4A,10,13949865,GWASCatalog
rs17301739,2 x 10-6,ALDH1A2/LIPC/LIPC-AS1,15,58438440,GWASCatalog
rs11136000,6 x 10-10,CLU,8,27611345|8:27598736,GWASCatalog
rs1081105,2 x 10-180,APOC1/APOE,19,44909698,GWASCatalog
rs9877502,5 x 10-9,OSTN/GMNC,3,190951729,GWASCatalog
rs2121433,1 x 10-6,RNU2-9P/EPC2,2,148800291,GWASCatalog
rs4746003,6 x 10-6,RPL5P26/LINC02651,10,69778536,GWASCatalog
rs4576506,1 x 10-6,MTCO3P30/HMGB3P23,9,31546474,GWASCatalog
rs10792830,6 x 10-6,PICALM/RNU6-560P,11,86127766,GWASCatalog
rs16970672,2 x 10-6,TNRC6C/RNU1-80P,17,77948568,GWASCatalog
rs9811423,4 x 10-6,LINC02044/NEPRO,3,113103475,GWASCatalog
rs7039300,2 x 10-6,ATP5PDP3/RPL3P11,9,14064742,GWASCatalog
rs9384488,3 x 10-6,ARID1B/H3P28,6,156688247,GWASCatalog
rs1422438,6 x 10-7,RN7SKP122/RN7SL782P,5,107775475,GWASCatalog
rs2104362,7 x 10-6,MLN/LINC01016,6,33857581,GWASCatalog
rs1037757,8 x 10-6,SEC11C/OACYLP,18,59084822,GWASCatalog
rs12816806,9 x 10-6,DYNLL1P4/RBM19,12,113810386,GWASCatalog
rs1936246,2 x 10-13,GAPDHP15/RBBP4P4,6,58045670,GWASCatalog
rs990324,5 x 10-6,PDS5B/LINC00423,13,32813108,GWASCatalog
rs3784609,3 x 10-6,RORA/RORA-AS1,15,60618351,GWASCatalog
rs2852894,1 x 10-6,YAP1/RNU6-952P,11,102284743,GWASCatalog
rs9899728,2 x 10-8,MRPL58/RNU6-362P,17,75022679,GWASCatalog
rs7588354,1 x 10-6,RN7SKP93/NCKAP5,2,133575190,GWASCatalog
rs12374991,5 x 10-7,PHF14/NPM1P11,7,11188315,GWASCatalog
rs11773349,6 x 10-7,ZNF117/MTDHP1,7,64946786,GWASCatalog
rs118071777,7 x 10-7,PQLC1P1/EEF1A1P28,7,88614935,GWASCatalog
rs61510607,5 x 10-7,BLACE/EN2,7,155432020,GWASCatalog
rs191342285,2 x 10-7,SGK3/C8orf44-SGK3,8,66786417,GWASCatalog
rs76070545,1 x 10-7,CTHRC1/FZD6,8,103359219,GWASCatalog
rs190204665,1 x 10-7,F2RL1/F2R,5,76793184,GWASCatalog
rs77296444,2 x 10-7,RPS17P2/LINC02214,5,116719736,GWASCatalog
rs7702102,5 x 10-7,Y_RNA/ZCCHC10,5,132994460,GWASCatalog
rs143766413,5 x 10-7,CIR1P1/HAND1,5,154557919,GWASCatalog
rs61142792,4 x 10-7,FAM193B-DT/TMED9,5,177556462,GWASCatalog
rs847012,3 x 10-7,SOBP/SCML4,6,107689329,GWASCatalog
rs188168326,9 x 10-8,LINC02762/LINC02763,11,112392241,GWASCatalog
rs116938548,2 x 10-7,NDUFA9/GAU1,12,4699085,GWASCatalog
rs79335261,7 x 10-8,ERBB3/PA2G4,12,56103857,GWASCatalog
rs190909796,5 x 10-7,OTOGL/RNU7-106P,12,80080902,GWASCatalog
rs117483990,1 x 10-9,RNU6-148P/BRWD1P2,12,89830937,GWASCatalog
rs61960582,8 x 10-7,LINC00345/MRPS31P4,13,52557892,GWASCatalog
rs189465671,2 x 10-7,LINC00377/ARF4P4,13,80962230,GWASCatalog
rs149038799,7 x 10-8,SMILR/LINC01151,8,122446223,GWASCatalog
rs147213018,2 x 10-7,RFC5P1/ATP5MFP3,9,77060964,GWASCatalog
rs12378800,2 x 10-7,TRMO/FOXE1,9,97869538,GWASCatalog
rs211257,2 x 10-8,RPL34P19/RN7SL825P,10,31991363,GWASCatalog
rs61860854,3 x 10-11,SLC16A9/MRPL50P4,10,59580135,GWASCatalog
rs79538733,5 x 10-7,RPL5P26/LINC02651,10,69741141,GWASCatalog
rs73310256,3 x 10-7,LINC02653/HTR7,10,90679092,GWASCatalog
rs188188267,5 x 10-7,ZBED5-AS1/LINC02752,11,10951303,GWASCatalog
rs139675748,2 x 10-9,MIR129-2/HSD17B12,11,43611658,GWASCatalog
rs56146971,8 x 10-7,PPP4R3A/CCDC88C,14,91453757,GWASCatalog
rs117161928,1 x 10-7,FAM181A/FAM181A-AS1,14,93925359,GWASCatalog
rs189794920,6 x 10-7,PDPK2P/PDPK1,16,2608384,GWASCatalog
rs77414823,2 x 10-7,RPL34P29/NCOA5LP,16,49948846,GWASCatalog
rs78910009,5 x 10-7,LINC00917/FENDRR,16,86374577,GWASCatalog
rs56176358,6 x 10-7,CD300LG/MPP3,17,43843285,GWASCatalog
rs149464898,3 x 10-7,RPTOR/RPL12P37,17,80973533,GWASCatalog
rs142176337,8 x 10-8,PMAIP1/NFE2L3P1,18,59914255,GWASCatalog
rs148273964,8 x 10-7,TSPAN16/RAB3D,19,11323255,GWASCatalog
rs9304861,4 x 10-7,ZNF599/LINC01801,19,34780984,GWASCatalog
rs113118940,1 x 10-8,CST13P/CST8,20,23514209,GWASCatalog
rs147525344,5 x 10-9,CST1/CSTP2,20,23762403,GWASCatalog
rs115786578,6 x 10-7,ASIP/RPS2P1,20,34149795,GWASCatalog
rs147775533,6 x 10-7,RN7SL636P/LINC01271,20,50382958,GWASCatalog
rs189677472,1 x 10-7,LINC01671/PDE9A,21,42641102,GWASCatalog
rs857551,7 x 10-7,SIK1/LINC01679,21,43410112,GWASCatalog
rs117496069,5 x 10-7,TST/TEX33,22,37009621,GWASCatalog
rs12041233,6 x 10-9,RNA5SP43/RPS29P6,1,37287106,GWASCatalog
rs182798940,7 x 10-7,SZT2/HYI,1,43453815,GWASCatalog
rs186166314,9 x 10-8,FOXN2/PPP1R21-DT,2,48435898,GWASCatalog
rs182928794,8 x 10-7,SNORA74/RAB1A,2,65140292,GWASCatalog
rs116677506,7 x 10-7,B3GALT1-AS1/CTAGE14P,2,167746937,GWASCatalog
rs75286889,7 x 10-8,LRRC2P1/Y_RNA,2,174268728,GWASCatalog
rs1443024,6 x 10-7,ZNF804A/FAM228B,2,184511570,GWASCatalog
rs148471206,5 x 10-7,SALL4P5/RANP7,3,22933695,GWASCatalog
rs28582745,9 x 10-7,TERC/RNU6-637P,3,169741537,GWASCatalog
rs189421534,2 x 10-8,ENPP7P11/SNRPCP13,4,9590409,GWASCatalog
rs115809613,1 x 10-8,RNU7-149P/NDUFS5P4,4,98971324,GWASCatalog
rs143638193,4 x 10-9,TBC1D9/RN7SL152P,4,140579551,GWASCatalog
rs75718659,4 x 10-7,FAT1/MRPS36P2,4,186821932,GWASCatalog
rs12805422,2 x 10-13,SLC35C1/CRY2,11,45818338,GWASCatalog
rs1483121,6 x 10-10,OR4S1/OR4C3,11,48311808,GWASCatalog
rs4803750,7 x 10-13,CEACAM16-AS1/BCL3,19,44744370,GWASCatalog
rs157595,1 x 10-97,APOC1P1/APOC1,19,44922203,GWASCatalog
rs58826447,7 x 10-54,BCAM/NECTIN2,19,44825122,GWASCatalog
rs141622900,3 x 10-24,APOC1/APOC1P1,19,44923535,GWASCatalog
rs7254723,7 x 10-22,APOC4-APOC2/CLPTM1,19,44952664,GWASCatalog
rs10426401,3 x 10-11,PVR/CEACAM16-AS1,19,44644419,GWASCatalog
rs759819,6 x 10-12,MIR4752/LILRA5,19,54304302,GWASCatalog
rs4803774,5 x 10-15,APOC2/APOC4-APOC2,19,44947615,GWASCatalog
rs10222981,1 x 10-6,KIAA0232/BLOC1S4,4,6759326,GWASCatalog
rs61835453,8 x 10-7,LINC02645/PFKP-DT,10,2717604,GWASCatalog
rs365521,1 x 10-6,TRMT112P3/MIR633,17,62944934,GWASCatalog
rs9369477,2 x 10-7,SPATS1/AARS2,6,44340892,GWASCatalog
rs74717330,2 x 10-6,PKMP4/HNF4G,8,75384073,GWASCatalog
rs4543939,4 x 10-6,SNRPGP16/LINC02746,11,92934492,GWASCatalog
rs8059356,6 x 10-7,LINC01081/LINC00917,16,86323639,GWASCatalog
rs10496731,2 x 10-8,CCNT2-AS1/ACMSD,2,134840058,GWASCatalog
rs4997950,7 x 10-6,LINC01099/LINC01098,4,177819494,GWASCatalog
rs10061074,7 x 10-6,MSX2/HIGD1AP3,5,174705751,GWASCatalog
rs17125439,8 x 10-6,DDAH1/BCL10,1,85302696,GWASCatalog
rs12134133,9 x 10-6,C4BPAP2/CD55,1,207284500,GWASCatalog
rs10071932,9 x 10-6,GPBP1/SALL4P1,5,57358044,GWASCatalog
rs35305377,5 x 10-8,STAG3L5P-PVRIG2P-PILRB/STAG3L5P,7,100341332,GWASCatalog
rs576748,5 x 10-8,SCARA3/CLU,8,27629399,GWASCatalog
rs485902,5 x 10-8,CLU/SCARA3,8,27632442,GWASCatalog
rs12292911,4 x 10-8,RAPSN/PSMC3,11,47427521,GWASCatalog
rs203709,7 x 10-17,PVR/CEACAM16-AS1,19,44658298,GWASCatalog
rs2927437,5 x 10-8,CEACAM16-AS1/BCL3,19,44738381,GWASCatalog
rs12459810,5 x 10-8,CEACAM16-AS1/BCL3,19,44746404,GWASCatalog
rs112262807,5 x 10-8,BCAM/NECTIN2,19,44828429,GWASCatalog
rs1466435,5 x 10-8,NECTIN2/BCAM,19,44839558,GWASCatalog
rs140824606,4 x 10-26,BCAM/CBLC,19,44807827,GWASCatalog
rs186110295,5 x 10-8,CEACAM16-AS1/BCL3,19,44730236,GWASCatalog
rs10412413,5 x 10-8,NECTIN2/BCAM,19,44824052,GWASCatalog
rs77241309,5 x 10-8,BCAM/NECTIN2,19,44845920,GWASCatalog
rs11605427,8 x 10-17,LINC02705/MS4A6A,11,60161199,GWASCatalog
rs501945,5 x 10-8,MS4A3/MS4A2,11,60076769,GWASCatalog
rs580064,5 x 10-8,LINC02705/MS4A2,11,60101646,GWASCatalog
rs56157503,8 x 10-9,PICALM/RNU6-560P,11,86152038,GWASCatalog
rs7114401,5 x 10-8,PICALM/RNU6-560P,11,86128893,GWASCatalog
rs17745409,5 x 10-8,RNU6-560P/PICALM,11,86101743,GWASCatalog
rs7129687,5 x 10-8,RNU6-560P/LINC02695,11,86160142,GWASCatalog
rs61904266,5 x 10-8,LINC02695/RNU6-560P,11,86160172,GWASCatalog
rs3795065,5 x 10-8,ABCA7/CNN2,19,1039445,GWASCatalog
rs142034848,5 x 10-8,CEACAM16-AS1/CEACAM19,19,44673285,GWASCatalog
rs56261258,1 x 10-21,CEACAM16-AS1/PVR,19,44646342,GWASCatalog
rs769446,5 x 10-8,TOMM40/APOE,19,44905371,GWASCatalog
rs12721109,5 x 10-8,APOC4/APOC4-APOC2,19,44943964,GWASCatalog
rs7254133,5 x 10-8,APOC1P1/APOC4,19,44935297,GWASCatalog
rs4263041,5 x 10-10,APOC4/APOC1P1,19,44935386,GWASCatalog
rs2376866,5 x 10-8,RELB/CLPTM1,19,44997454,GWASCatalog
rs4803791,5 x 10-8,RELB,19,45020325,GWASCatalog
rs117612135,9 x 10-31,CLPTM1/RELB,19,45001269,GWASCatalog
rs78620885,5 x 10-8,GEMIN7-AS1/GEMIN7/MARK4,19,45087826,GWASCatalog
rs145903417,5 x 10-8,MARK4/PPP1R37,19,45125846,GWASCatalog
rs149495476,5 x 10-8,MARK4/BLOC1S3,19,45193381,GWASCatalog
rs138137383,2 x 10-15,PPP1R37/MARK4,19,45098343,GWASCatalog
rs12461065,1 x 10-17,MARK4/PPP1R37,19,45102050,GWASCatalog
rs8100183,5 x 10-8,GEMIN7/GEMIN7-AS1/MARK4,19,45081434,GWASCatalog
rs17643262,2 x 10-30,PPP1R37/MARK4,19,45128558,GWASCatalog
rs10408847,5 x 10-8,PPP1R37/MARK4,19,45131424,GWASCatalog
rs12463049,5 x 10-8,BLOC1S3/MARK4,19,45187692,GWASCatalog
rs111243475,5 x 10-8,BLOC1S3/MARK4,19,45188312,GWASCatalog
rs595290,7 x 10-21,BLOC1S3/MARK4,19,45205150,GWASCatalog
rs620807,5 x 10-8,MARK4/BLOC1S3,19,45203694,GWASCatalog
rs148601586,2 x 10-43,BCAM/NECTIN2,19,44843409,GWASCatalog
rs4803760,5 x 10-8,BCAM/NECTIN2,19,44830577,GWASCatalog
rs11668738,5 x 10-8,NECTIN2/BCAM,19,44844304,GWASCatalog
rs138235833,5 x 10-8,APOC1/APOE,19,44912028,GWASCatalog
rs346758,5 x 10-8,EXOC3L2/MARK4,19,45222481,GWASCatalog
rs346763,1 x 10-12,MARK4/EXOC3L2,19,45226017,GWASCatalog
rs12461144,5 x 10-8,MARK4/EXOC3L2,19,45220448,GWASCatalog
rs62118504,5 x 10-14,EXOC3L2/MARK4,19,45231493,GWASCatalog
rs11667829,5 x 10-8,EXOC3L2/MARK4,19,45236417,GWASCatalog
rs6069736,3 x 10-8,CASS4/CSTF1,20,56408019,GWASCatalog
rs730482,5 x 10-8,BIN1/NIFKP9,2,127136908,GWASCatalog
rs9395255,5 x 10-8,CD2AP-DT/B3GNTL1P2,6,47424807,GWASCatalog
rs9395288,5 x 10-8,ADGRF2/CD2AP,6,47630389,GWASCatalog
rs73566293,5 x 10-8,BLOC1S3/MARK4,19,45209421,GWASCatalog
rs4663099,5 x 10-8,NIFKP9/BIN1,2,127120856,GWASCatalog
rs35103166,5 x 10-8,NIFKP9/BIN1,2,127124606,GWASCatalog
rs7575209,5 x 10-8,BIN1/NIFKP9,2,127126547,GWASCatalog
rs58682665,5 x 10-8,NIFKP9/BIN1,2,127127671,GWASCatalog
rs13025765,5 x 10-8,NIFKP9/BIN1,2,127128657,GWASCatalog
rs13031703,5 x 10-8,BIN1/NIFKP9,2,127129099,GWASCatalog
rs745717,5 x 10-8,BIN1/NIFKP9,2,127136321,GWASCatalog
rs10407439,5 x 10-8,BCAM/NECTIN2,19,44838691,GWASCatalog
rs2972562,5 x 10-8,NECTIN2/BCAM,19,44840407,GWASCatalog
rs117310449,5 x 10-8,TOMM40/NECTIN2,19,44890259,GWASCatalog
rs1081106,5 x 10-8,APOC1/APOE,19,44910109,GWASCatalog
rs59325138,5 x 10-8,APOE/APOC1,19,44913034,GWASCatalog
rs144311893,5 x 10-8,APOC1P1/APOC1,19,44920687,GWASCatalog
rs73045691,2 x 10-19,APOC4/APOC1P1,19,44937272,GWASCatalog
rs9304644,5 x 10-8,APOC2/APOC4-APOC2,19,44946776,GWASCatalog
rs536518226,5 x 10-8,MARK4/PPP1R37,19,45137507,GWASCatalog
rs2919845,5 x 10-8,CEACAM16-AS1/CEACAM19,19,44677956,GWASCatalog
rs62117160,5 x 10-8,BCL3/CEACAM16-AS1,19,44728895,GWASCatalog
rs1786140,5 x 10-8,MS4A2/LINC02705,11,60141154,GWASCatalog
rs55840414,2 x 10-15,NECTIN2/BCAM,19,44840322,GWASCatalog
rs56394238,5 x 10-8,NECTIN2/BCAM,19,44832419,GWASCatalog
rs7480193,5 x 10-8,PICALM/RNU6-560P,11,86150377,GWASCatalog
rs7113976,5 x 10-8,RNU6-560P/LINC02695,11,86158695,GWASCatalog
rs580887,5 x 10-8,PICALM/RNU6-560P,11,86120391,GWASCatalog
rs7938634,5 x 10-8,RNU6-560P/PICALM,11,86134431,GWASCatalog
rs11603136,5 x 10-8,LINC02695/RNU6-560P,11,86163280,GWASCatalog
rs3845261,5 x 10-8,ZNF232/ZFP3,17,5104941,GWASCatalog
rs55923289,3 x 10-44,BCL3/CEACAM16-AS1,19,44737327,GWASCatalog
rs28469095,2 x 10-38,NKPD1/MARK4,19,45152075,GWASCatalog
rs346757,2 x 10-22,EXOC3L2/MARK4,19,45222190,GWASCatalog
rs547509922,3 x 10-13,NECTIN2/BCAM,19,44828004,GWASCatalog
rs539159088,2 x 10-11,IGSF23/CEACAM16-AS1,19,44634022,GWASCatalog
rs184384746,1 x 10-8,HESX1/IL17RD,3,57192122,GWASCatalog
rs6931277,8 x 10-11,HLA-DQA1/HLA-DRB1,6,32615580,GWASCatalog
rs9469112,1 x 10-10,HLA-DRA/HLA-DRB9,6,32447376,GWASCatalog
rs10421247,7 x 10-9,MARK4/NKPD1,19,45154228,GWASCatalog
rs9653111,1 x 10-8,GEMIN7-AS1/GEMIN7/MARK4,19,45089217,GWASCatalog
rs123187,4 x 10-8,CKM/RPS16P9,19,45327689,GWASCatalog
rs1606979,2 x 10-7,CRYGGP/KNOP1P3,2,51615273,GWASCatalog
rs12987662,2 x 10-17,LINC01104/AFF3,2,100205086,GWASCatalog
rs13421974,2 x 10-7,RNA5SP107/KCNJ3,2,154632357,GWASCatalog
rs16845580,5 x 10-10,RN7SL423P/TANK-AS1,2,161064373,GWASCatalog
rs10172113,2 x 10-7,NYAP2/MIR5702,2,225753667,GWASCatalog
rs11687170,1 x 10-8,Y_RNA/AGAP1,2,236149500,GWASCatalog
rs3811695,2 x 10-15,GMPPB/IP6K1,3,49724180,GWASCatalog
rs11130222,1 x 10-23,CAMKV/RN7SL217P,3,49863627,GWASCatalog
rs4974424,1 x 10-7,LINC01471/LINC02016,3,127429877,GWASCatalog
rs73079609,2 x 10-6,TACC3/FGFR3,4,1748283,GWASCatalog
rs11726992,3 x 10-7,PPID/FNIP2,4,158747016,GWASCatalog
rs4493682,4 x 10-7,MRPS30/HCN1,5,45187922,GWASCatalog
rs861347,6 x 10-8,PLK2/PGAM1P1,5,58304217,GWASCatalog
rs10071982,1 x 10-6,HTR1A/ISCA1P1,5,63407424,GWASCatalog
rs7737179,2 x 10-8,LINC00461/TMEM161B-DT,5,88499708,GWASCatalog
rs3850651,2 x 10-11,MEF2C-AS1/MEF2C,5,88885292,GWASCatalog
rs12514965,4 x 10-9,LINC01957/TRIM36,5,114653196,GWASCatalog
rs111321694,7 x 10-7,RNA5SP350/LINC02550,11,111079662,GWASCatalog
rs12410444,3 x 10-10,ST3GAL3/ST3GAL3-AS1,1,43723048,GWASCatalog
rs1008078,6 x 10-11,LINC02609/BARHL2,1,90724174,GWASCatalog
rs12036042,2 x 10-8,PIK3C2B/MDM4,1,204500186,GWASCatalog
rs35771425,6 x 10-9,ARPC3P2/LINC00467,1,211436426,GWASCatalog
rs11222416,4 x 10-9,RN7SL167P/SNX19,11,130984755,GWASCatalog
rs10772644,6 x 10-7,EMP1/LINC01559,12,13264683,GWASCatalog
rs55742290,1 x 10-13,ABCB9/ARL6IP4,12,122981564,GWASCatalog
rs1969355,6 x 10-16,C12orf65/CDK2AP1,12,123257514,GWASCatalog
rs9509558,4 x 10-6,SNORD27/IPPKP1,13,21123058,GWASCatalog
rs7757476,9 x 10-9,RN7SL332P/RNU6-793P,6,14711730,GWASCatalog
rs766406,1 x 10-7,H4C8/H3C9P,6,26319360,GWASCatalog
rs139325018,3 x 10-6,PRRT1/FKBPL,6,32141388,GWASCatalog
rs138002663,5 x 10-9,HLA-DRB5/HLA-DRB9,6,32505765,GWASCatalog
rs77212406,5 x 10-10,HLA-DRB1/HLA-DQA1,6,32610432,GWASCatalog
rs115795926,2 x 10-8,MTCO3P1/HLA-DQB3,6,32714531,GWASCatalog
rs9357551,1 x 10-6,CD2AP/ADGRF2,6,47638293,GWASCatalog
rs9401593,1 x 10-20,MIR2113/EIF4EBP2P3,6,98101925,GWASCatalog
rs6952006,4 x 10-8,GLCCI1/ICA1,7,8094664,GWASCatalog
rs2188179,3 x 10-8,SAMD9/RN7SL7P,7,93052129,GWASCatalog
rs12705979,2 x 10-6,MDFIC/FOXP2,7,114694516,GWASCatalog
rs320700,2 x 10-8,PTN/DGKI,7,137364731,GWASCatalog
rs13266268,3 x 10-10,MIR1302-7/MROH5,8,141601871,GWASCatalog
rs9792504,8 x 10-11,RNA5SP279/SMARCA2,9,1751550,GWASCatalog
rs12006296,2 x 10-6,CARM1P1/LINC01231,9,3142467,GWASCatalog
rs7029201,5 x 10-22,LINC01239/SUMO2P2,9,23358083,GWASCatalog
rs17425572,7 x 10-7,UBE2V1P10/STK33P1,9,85391423,GWASCatalog
rs10822125,5 x 10-8,EGR2/RNU6-543P,10,63078636,GWASCatalog
rs10786662,3 x 10-11,ELOVL3/PITX3,10,102230055,GWASCatalog
rs12219346,1 x 10-7,BORCS7-ASMT/AS3MT,10,102897543,GWASCatalog
rs56118554,3 x 10-7,JAKMIP3/BNIP3,10,131989457,GWASCatalog
rs12969294,2 x 10-10,MIR4318/CELF4,18,37606159,GWASCatalog
rs12962421,3 x 10-7,MIR4527HG/SKOR2,18,47261127,GWASCatalog
rs113321260,4 x 10-20,PPP1R37/MARK4,19,45147979,GWASCatalog
rs9616906,3 x 10-8,ARSA/Y_RNA,22,50666252,GWASCatalog
rs9527702,2 x 10-15,RNA5SP30/PCDH17,13,57810258,GWASCatalog
rs9556958,5 x 10-9,FARP1/STK24,13,98447792,GWASCatalog
rs10483349,1 x 10-8,RNU11-5P/LINC02326,14,29160250,GWASCatalog
rs3131610,4 x 10-6,USP8/USP50,15,50507898,GWASCatalog
rs150180355,4 x 10-7,RPS26P8/LINC02210,17,45609706,GWASCatalog
rs17123293,6 x 10-7,TRIM9/PYGL,14,50971173,GWASCatalog
rs2343702,7 x 10-7,ADAMTS18/LINC02131,16,77486585,GWASCatalog
rs117783785,7 x 10-7,BLOC1S3/MARK4,19,45195929,GWASCatalog
rs35135015,8 x 10-7,MIR548H4/STMN4,8,27187304,GWASCatalog
rs35385129,8 x 10-7,PVR/CEACAM16-AS1,19,44658921,GWASCatalog
rs77262239,9 x 10-7,RNA5SP459/TCF4,18,55220713,GWASCatalog
rs4885712,9 x 10-7,SPRY2/LINC01080,13,80265341,GWASCatalog
rs6698744,1 x 10-6,LINC01774/TFDP1P1,1,209058344,GWASCatalog
rs12038685,1 x 10-6,LMX1A-AS1/LMX1A,1,165216540,GWASCatalog
rs34815052,1 x 10-6,SALL1/SOD1P2,16,51128970,GWASCatalog
rs10900828,1 x 10-6,RNU6-456P/LINC01843,5,134500603,GWASCatalog
rs76738189,8 x 10-7,EXOC3L2/BLOC1S3/MARK4,19,45216235,GWASCatalog
rs10902231,2 x 10-6,AP2A2/CHID1,11,918987,GWASCatalog
rs9579135,4 x 10-6,LINC00543/CDX2,13,27959601,GWASCatalog
rs6427184,5 x 10-6,HMGN2P18/KRTCAP2,1,155150307,GWASCatalog
rs56366200,7 x 10-6,ZNF652-AS1/PHB,17,49399313,GWASCatalog
rs7160967,8 x 10-6,ARHGAP16P/LINC02307,14,43949146,GWASCatalog
rs2469204,9 x 10-6,RN7SL278P/RCN2,15,76963789,GWASCatalog
rs10281070,1 x 10-5,PIK3CG/PRKAR2B,7,106975126,GWASCatalog
rs76842537,1 x 10-5,SUNO1/KCTD15,19,33900073,GWASCatalog
rs9270599,9 x 10-9,HLA-DRB1/HLA-DQA1,6,32593879,GWASCatalog
rs3852865,2 x 10-8,SIGLEC22P/MIR8074,19,51210809,GWASCatalog
rs530324,2 x 10-8,SCARA3/CLU,8,27633669,GWASCatalog
rs111566368,9 x 10-8,SLC52A1/ZFP3-DT,17,5073106,GWASCatalog
rs4732732,3 x 10-7,SCARA3/CLU,8,27618909,GWASCatalog
rs12373123,7 x 10-8,MAPT-AS1/SPPL2C,17,45846707,GWASCatalog
rs2584662,8 x 10-9,PHB/ZNF652-AS1,17,49393125,GWASCatalog
rs1132899,1 x 10-8,APOC4/APOC4-APOC2,19,44944779,GWASCatalog
rs12561863,2 x 10-8,HNRNPA1P46/LINC01720,1,190928478,GWASCatalog
rs28895026,2 x 10-8,TSBP1-AS1/HLA-DRA,6,32423918,GWASCatalog
rs76692930,4 x 10-8,PPP1R13L/ERCC2,19,45372593,GWASCatalog
rs545753812,5 x 10-8,ERCC1/POLR1G,19,45408009,GWASCatalog
rs10753964,7 x 10-8,HNRNPA1P46/LINC01720,1,190972043,GWASCatalog
rs6125601,1 x 10-7,LINC00489/GLRXP1,20,37611619,GWASCatalog
rs139290129,1 x 10-7,MARK4/GEMIN7/GEMIN7-AS1,19,45084148,GWASCatalog
rs6024927,2 x 10-7,FAM209A/GCNT7,20,56524414,GWASCatalog
rs3859570,2 x 10-7,LRRC25/SSBP4,19,18400115,GWASCatalog
rs2597302,2 x 10-7,RNU6-281P/FOXP1,3,70868038,GWASCatalog
rs55650463,2 x 10-7,LINC01789/PPP1R2P5,2,107018498,GWASCatalog
rs2231884,3 x 10-7,CCDC85B/FIBP,11,65889093,GWASCatalog
rs9401134,4 x 10-7,MMS22L/MIR2113,6,97751665,GWASCatalog
rs55715017,4 x 10-7,ZNF223/ZNF222,19,44045640,GWASCatalog
rs2584663,4 x 10-7,ZNF652-AS1/PHB,17,49390785,GWASCatalog
rs117944015,4 x 10-7,TXNDC16/PTGER2,14,52423107,GWASCatalog
rs34565850,4 x 10-7,PICALM/RNU6-560P,11,86125314,GWASCatalog
rs4889490,5 x 10-7,Metazoa_SRP/ZNF629,16,30811726,GWASCatalog
rs6465759,5 x 10-7,ZKSCAN1/AZGP1P1,7,99990357,GWASCatalog
rs80295492,2 x 10-6,RPL10AP3/LINC01288,8,34358449,GWASCatalog
rs7623497,2 x 10-6,SRRM1P2/LINC00971,3,84617434,GWASCatalog
rs2337988,3 x 10-6,PCDHA2/PCDHA4/PCDHA3/PCDHA1,5,140811721,GWASCatalog
rs75824242,3 x 10-6,GEMIN7-AS1/GEMIN7/MARK4,19,45084787,GWASCatalog
rs2469226,3 x 10-6,RN7SL278P/RCN2,15,76954649,GWASCatalog
rs377531843,3 x 10-6,RNA5SP189/RAB9BP1,5,105515466,GWASCatalog
rs77342107,3 x 10-6,RNU4-42P/NHLH1,1,160384657,GWASCatalog
rs17206516,3 x 10-6,PPIAP79/EDIL3-DT,5,84861741,GWASCatalog
rs11736765,1 x 10-6,GBA3/RFPL4AP3,4,23511134,GWASCatalog
rs58696272,2 x 10-6,ASB3/MIR4431,2,52932354,GWASCatalog
rs61702591,2 x 10-6,ARFGEF1-DT/CPA6,8,67403330,GWASCatalog
rs117077746,2 x 10-6,LINC01924/LINC01916,18,64495764,GWASCatalog
rs75311711,4 x 10-6,RPL12P42/CACNA1A,19,13180377,GWASCatalog
rs1362828,4 x 10-6,RNU6-1120P/LINC02015,3,177920817,GWASCatalog
rs79898116,4 x 10-6,LINC00489/CTNNBL1,20,37642954,GWASCatalog
rs1297211,4 x 10-6,NRIP1/LINC02246,21,14956635,GWASCatalog
rs6801977,4 x 10-6,RNU6-281P/FOXP1,3,70837999,GWASCatalog
rs775631,5 x 10-6,GGTA2P/RAB11AP2,12,67250876,GWASCatalog
rs9897429,5 x 10-6,LINC02075/EIF4EP2,17,49441016,GWASCatalog
rs113701968,5 x 10-6,RN7SKP182/RPL12P40,18,38957081,GWASCatalog
rs10008844,6 x 10-6,RPL21P47/HMGN1P11,4,62427968,GWASCatalog
rs76825012,6 x 10-6,PGBD1/SMIM15P2,6,28308966,GWASCatalog
rs8084367,6 x 10-6,LINC01899/CBLN2,18,72232917,GWASCatalog
rs76124729,6 x 10-6,TCF4/RNA5SP459,18,55167042,GWASCatalog
rs79221452,6 x 10-6,THSD7A/TMEM106B,7,12163271,GWASCatalog
rs9972911,6 x 10-6,B4GALNT2/B4GALNT2P1,17,49100385,GWASCatalog
rs12116805,7 x 10-6,LINC02775/SMYD2,1,214250454,GWASCatalog
rs2270288,7 x 10-6,TMEM186/ABAT,16,8781672,GWASCatalog
rs79616419,7 x 10-6,RPL12P40/RN7SKP182,18,38955125,GWASCatalog
rs116133272,8 x 10-6,ACE/ACE3P,17,63499485,GWASCatalog
rs55919244,8 x 10-6,CAPZA3/RPL7P6,12,19050648,GWASCatalog
rs4479315,8 x 10-6,Y_RNA/MED13,17,62086450,GWASCatalog
rs4906063,8 x 10-6,LINC00524/U3,14,101171029,GWASCatalog
rs1690543,9 x 10-6,ADGRL2/LINC01362,1,82666902,GWASCatalog
rs4304661,3 x 10-8,PIP4K2A/SPAG6,10,22512910,GWASCatalog
rs4312050,7 x 10-22,OR4A6P/TRIM48,11,54865985,GWASCatalog
rs4515954,2 x 10-26,OR4R2P/OR4C7P,11,54642813,GWASCatalog
rs4542485,4 x 10-15,C12orf40/SLC2A13,12,39844536,GWASCatalog
rs4544343,2 x 10-10,PPP1R13L/ERCC2,19,45378723,GWASCatalog
rs4984289,2 x 10-16,LINC02568/USP3,15,63468370,GWASCatalog
rs525716,3 x 10-9,SCARA3/CLU,8,27627603,GWASCatalog
rs55706526,4 x 10-7,LINC02498/MIR572,4,11039926,GWASCatalog
rs55981605,5 x 10-8,PKDCC/LINC02898,2,41973265,GWASCatalog
rs1374626,2 x 10-11,CASC8/CASC11,8,127495750,GWASCatalog
rs1385742,7 x 10-13,ADGRF2/CD2AP,6,47627419,GWASCatalog
rs141997660,1 x 10-8,RAB21/TBC1D15,12,71824639,GWASCatalog
rs144417606,4 x 10-8,CNN2P8/CYP4F32P,2,94740532,GWASCatalog
rs1449840,1 x 10-13,CPNE8-AS1/LINC02406,12,39031397,GWASCatalog
rs146828526,5 x 10-9,LINC02648/LINP1,10,6686448,GWASCatalog
rs146924495,4 x 10-26,NOP56P1/LINC01623,6,28822597,GWASCatalog
rs147698232,3 x 10-12,PLAUR/IRGC,19,43698549,GWASCatalog
rs148051045,7 x 10-11,PRSS16/RPL10P2,6,27221393,GWASCatalog
rs150357968,3 x 10-9,DAPK2/MIR422A,15,63878438,GWASCatalog
rs16828514,5 x 10-12,IMPDH1P7/ZSWIM2,2,186934061,GWASCatalog
rs10771877,2 x 10-9,LINC02422/RNU6-1069P,12,31857850,GWASCatalog
rs10880819,5 x 10-25,NF1P12/Y_RNA,12,38272211,GWASCatalog
rs11010967,5 x 10-8,ARL6IP1P2/MKNK2P1,10,36974254,GWASCatalog
rs11028743,2 x 10-8,RPL36AP40/LUZP2,11,25516747,GWASCatalog
rs11162433,7 x 10-9,RNFT1P2/MGC27382,1,78222989,GWASCatalog
rs112751018,3 x 10-9,HEYL/PABPC4,1,39622232,GWASCatalog
rs112972879,3 x 10-22,RN7SL836P/GIPR,19,45661824,GWASCatalog
rs113133772,3 x 10-10,RNF38/MELK,9,36549840,GWASCatalog
rs113896921,5 x 10-8,IQCF4P/IQCF6,3,51787165,GWASCatalog
rs114464971,7 x 10-9,MARCKS/LINC02541,6,113711824,GWASCatalog
rs114793336,3 x 10-8,RPL21P32/FSIP2,2,185881956,GWASCatalog
rs115274881,8 x 10-15,GAPDHP41/RBBP4P4,6,60635590,GWASCatalog
rs297069,4 x 10-8,OR5D13/OR5D17P,11,55759293,GWASCatalog
rs3129077,6 x 10-11,SUMO2P1/MOG,6,29642658,GWASCatalog
rs34227026,3 x 10-10,ME3/PRSS23,11,86690239,GWASCatalog
rs346054,4 x 10-8,IRGC/PLAUR,19,43700317,GWASCatalog
rs34964601,3 x 10-8,LINC02549/Y_RNA,6,67832331,GWASCatalog
rs35331432,5 x 10-8,GPT2/DNAJA2,16,46942334,GWASCatalog
rs35874206,3 x 10-14,MTSS2/VAC14,16,70686727,GWASCatalog
rs35904446,3 x 10-9,SMC2/TOPORSLP,9,104269047,GWASCatalog
rs35959996,2 x 10-12,RPL8P1/LINC01012,6,27665994,GWASCatalog
rs11597306,3 x 10-8,LINC02623/BMS1,10,42838446,GWASCatalog
rs11613829,1 x 10-15,LRRK2/MUC19,12,40390451,GWASCatalog
rs11625334,1 x 10-8,RPL18P1/ATP5MC2P2,14,49127434,GWASCatalog
rs11716593,2 x 10-9,LINC02006/LINC02877,3,153489406,GWASCatalog
rs11759982,4 x 10-9,MIR1202/SNORD28B,6,156297789,GWASCatalog
rs12054753,1 x 10-8,CHD1-DT/GUSBP8,5,99112013,GWASCatalog
rs12434216,1 x 10-8,FLRT2/LINC02328,14,85796553,GWASCatalog
rs16861417,1 x 10-8,MAP3K20/MAP3K20-AS1,2,173239977,GWASCatalog
rs1697421,6 x 10-9,NBPF3/ALPL,1,21496799,GWASCatalog
rs17048826,1 x 10-8,EIF2S2P7/ACTG1P22,2,57442169,GWASCatalog
rs17197839,6 x 10-34,HLA-C/HCG27,6,31253522,GWASCatalog
rs17705798,3 x 10-11,RNU6-989P/CALCRL,2,187297401,GWASCatalog
rs17828156,6 x 10-10,MIR548AG1/LINC02271,4,61060254,GWASCatalog
rs1813937,6 x 10-42,LINC02750/OR4C50P,11,50509630,GWASCatalog
rs1836278,4 x 10-15,ZNF285/ZNF112,19,44379387,GWASCatalog
rs1862664,3 x 10-10,PDXDC2P-NPIPB14P/PDXDC2P,16,70014480,GWASCatalog
rs1872245,2 x 10-8,TREML5P/TREM1,6,41255188,GWASCatalog
rs187831418,6 x 10-9,RNU6-280P/Y_RNA,6,67572606,GWASCatalog
rs1907860,2 x 10-10,MIR1263/RNU7-82P,3,163828635,GWASCatalog
rs191675955,1 x 10-11,OR5D17P/OR5D3P,11,55733687,GWASCatalog
rs197273,2 x 10-10,RN7SL423P/TANK-AS1,2,161038152,GWASCatalog
rs2498215,5 x 10-8,GAPDHP41/RBBP4P4,6,60578998,GWASCatalog
rs2504672,8 x 10-10,PKHD1/FTH1P5,6,51313607,GWASCatalog
rs2516118,1 x 10-11,RBMXP1/RNU7-65P,6,49190906,GWASCatalog
rs2590374,7 x 10-9,UBE2D1/CISD1,10,58296354,GWASCatalog
rs2640725,2 x 10-9,GULOP/EPHX2,8,27555904,GWASCatalog
rs2693062,1 x 10-27,RBBP4P4/GAPDHP41,6,58351159,GWASCatalog
rs2795507,3 x 10-14,BMS1/LINC02623,10,42857446,GWASCatalog
rs2815548,7 x 10-10,LINC02680/MKX,10,27671603,GWASCatalog
rs2838084,2 x 10-8,LINC00111/PCSEAT,21,41646112,GWASCatalog
rs2860314,3 x 10-12,CEACAM16-AS1/CEACAM16,19,44704756,GWASCatalog
rs2897617,2 x 10-9,SH3D19/FHIP1A-DT,4,151352143,GWASCatalog
rs200690674,9 x 10-20,RPSAP2/NOP56P1,6,28783100,GWASCatalog
rs200698156,3 x 10-8,ABCD2/KIF21A,12,39506941,GWASCatalog
rs201110880,1 x 10-9,ZNF92/INTS4P2,7,65551285,GWASCatalog
rs2097351,4 x 10-10,ASCC2/MTMR3,22,29840406,GWASCatalog
rs2099446,7 x 10-16,CYP3A52P/OR2AE1,7,99873449,GWASCatalog
rs2099684,8 x 10-9,RPS23P10/HSPA6,1,161530340,GWASCatalog
rs2116020,1 x 10-8,VWC2/DDX43P2,7,49327163,GWASCatalog
rs2121259,1 x 10-8,RMDN2-AS1/RMDN2,2,38042332,GWASCatalog
rs2130357,4 x 10-9,OR2B2/OR2W6P,6,27919052,GWASCatalog
rs2153240,4 x 10-10,CD72/SIT1,9,35648011,GWASCatalog
rs2158214,2 x 10-8,GRM8/POT1-AS1,7,125892602,GWASCatalog
rs2221714,3 x 10-8,FOXN2/RN7SKP224,2,48249520,GWASCatalog
rs2293166,1 x 10-14,ZNF180/CEACAM20,19,44500771,GWASCatalog
rs2397225,9 x 10-10,DST/RCC2P7,6,56446323,GWASCatalog
rs12575218,4 x 10-8,TRIM51CP/TRIM51GP,11,48962310,GWASCatalog
rs12671532,4 x 10-8,DYNC1I1/PDK4,7,95599148,GWASCatalog
rs12711879,3 x 10-10,DDX18/RNU7-190P,2,117425041,GWASCatalog
rs12770412,7 x 10-9,CCNY/GJD4,10,35581786,GWASCatalog
rs12807494,9 x 10-14,OR4A6P/TRIM48,11,55193116,GWASCatalog
rs12902811,2 x 10-14,LINGO1/HMG20A,15,77595910,GWASCatalog
rs13002188,2 x 10-9,RN7SL423P/TANK-AS1,2,160921355,GWASCatalog
rs13013777,4 x 10-9,TANK-AS1/RN7SL423P,2,161074601,GWASCatalog
rs13033563,3 x 10-9,RN7SL341P/SERTAD2,2,64792725,GWASCatalog
rs13079734,6 x 10-12,IQCF2/RN7SL504P,3,51870530,GWASCatalog
rs13171859,4 x 10-10,PCDHGA1/PCDHGA3/PCDHGB2/PCDHGA4/PCDHGB1/PCDHGA2,5,141360307,GWASCatalog
rs13246354,1 x 10-18,PVRIG2P/PILRB/STAG3L5P-PVRIG2P-PILRB,7,100352383,GWASCatalog
rs13252503,9 x 10-14,CYP4F44P/HSPA8P13,8,46420406,GWASCatalog
rs62137344,7 x 10-19,Y_RNA/RN7SL341P,2,64826054,GWASCatalog
rs62258410,4 x 10-11,SRRM1P2/LINC00971,3,84154067,GWASCatalog
rs62303695,1 x 10-8,GABRA4/COX7B2,4,46914132,GWASCatalog
rs62334698,2 x 10-8,IRX1/LINC02063,5,4096805,GWASCatalog
rs62375397,3 x 10-9,MIR4280HG/LINC02059,5,87002714,GWASCatalog
rs62425025,4 x 10-22,MTRNR2L9/RBBP4P3,6,61136320,GWASCatalog
rs62515894,7 x 10-17,CHRNA6/THAP1,8,42812289,GWASCatalog
rs63749402,3 x 10-8,ZNF285B/ZNF229,19,44458337,GWASCatalog
rs6498627,4 x 10-8,NPIPA7/TCERG1P2,16,16801001,GWASCatalog
rs6538539,2 x 10-8,TMCC3/KRT19P2,12,94801517,GWASCatalog
rs6539809,4 x 10-10,SLC6A15/RPL6P25,12,83974585,GWASCatalog
rs6904307,6 x 10-21,PRIM2/RAB23,6,57256886,GWASCatalog
rs6916215,3 x 10-16,MTRNR2L9/RBBP4P3,6,60954926,GWASCatalog
rs72904115,1 x 10-9,LINC02549/Y_RNA,6,68164550,GWASCatalog
rs72918199,2 x 10-23,OR5D14/OR5L1,11,55799780,GWASCatalog
rs72921997,3 x 10-14,SSRP1/TNKS1BP1,11,57325294,GWASCatalog
rs72923892,8 x 10-10,OR5G1P/OR5G4P,11,56782004,GWASCatalog
rs73035978,4 x 10-21,ZNF230/ZNF222-DT,19,44018205,GWASCatalog
rs7307638,5 x 10-9,BICD1-AS1/RESF1,12,31993972,GWASCatalog
rs7314457,3 x 10-24,AK6P1/ZNF970P,12,34301366,GWASCatalog
rs73189737,4 x 10-8,RN7SKP159/RPL23AP54,8,5824361,GWASCatalog
rs73200429,4 x 10-9,RN7SKP250/MVK,12,109613344,GWASCatalog
rs73205628,8 x 10-13,ADAM1B/MAPKAPK5,12,111903809,GWASCatalog
rs7427962,2 x 10-8,TOMM22P6/LINC01192,3,163084965,GWASCatalog
rs745394265,2 x 10-8,MIR548AE1/ZNF804A,2,184548216,GWASCatalog
rs74607435,2 x 10-19,CEACAM16-AS1/BCL3,19,44732440,GWASCatalog
rs74960871,1 x 10-8,CLIC5/RUNX2,6,45738452,GWASCatalog
rs7499339,6 x 10-14,PRR14/ZNF689,16,30625456,GWASCatalog
rs75184591,2 x 10-40,TRIM51CP/OR4A44P,11,48687581,GWASCatalog
rs754032589,1 x 10-8,SSBP4/LRRC25,19,18402008,GWASCatalog
rs754366,4 x 10-71,PPP1R37/MARK4,19,45130428,GWASCatalog
rs7553439,3 x 10-16,LINC02808/HMGB1P45,1,50395950,GWASCatalog
rs75570187,2 x 10-9,EMB/PARP8,5,50608118,GWASCatalog
rs75630252,3 x 10-13,LY75/LY75-CD302,2,159837273,GWASCatalog
rs75654367,4 x 10-9,NCKIPSD/LINC02585,3,48673306,GWASCatalog
rs75723456,3 x 10-12,CYP4F44P/HSPA8P13,8,43832380,GWASCatalog
rs75939231,8 x 10-9,ACTG1P22/EIF2S2P7,2,57530060,GWASCatalog
rs76095252,2 x 10-8,HMGB3P23/RNA5SP281,9,32128799,GWASCatalog
rs76403827,1 x 10-10,LINC01680/LINC02770,1,191693104,GWASCatalog
rs76483787,4 x 10-14,LAMTOR4/RPL7P60,7,100141596,GWASCatalog
rs76557543,2 x 10-9,IDI1P2/UBE2V2,8,48151621,GWASCatalog
rs76826150,2 x 10-8,RNU7-53P/CHSY3,5,130301314,GWASCatalog
rs76971643,3 x 10-12,TRAPPC6A/MARK4,19,45169864,GWASCatalog
rs7712317,2 x 10-9,LINC01861/GRIA1,5,153867101,GWASCatalog
rs77303682,2 x 10-8,RPL31P13/PROX1-AS1,1,213616241,GWASCatalog
rs561635564,2 x 10-8,RNU6-1229P/ERV3-1,7,65017630,GWASCatalog
rs56201047,9 x 10-9,FKBP1C/DHFRP5,6,62594024,GWASCatalog
rs582747,7 x 10-43,BLOC1S3/MARK4,19,45204659,GWASCatalog
rs58904316,2 x 10-26,OR4A6P/TRIM48,11,55124894,GWASCatalog
rs59296552,2 x 10-9,EIF2S2P7/ACTG1P22,2,57664614,GWASCatalog
rs603964,1 x 10-8,IRAK1BP1/MEI4,6,78579835,GWASCatalog
rs61813880,1 x 10-9,COL11A1/OLFM3,1,102798672,GWASCatalog
rs61915439,8 x 10-18,OR4C9P/OR4C10P,11,48450499,GWASCatalog
rs61923796,5 x 10-9,Y_RNA/DUX4L52,12,60840196,GWASCatalog
rs61942658,2 x 10-8,PPP1CC/RPL29P25,12,110831355,GWASCatalog
rs61956096,9 x 10-11,ZCCHC8/CLIP1,12,122466247,GWASCatalog
rs9310221,1 x 10-8,RN7SL271P/PROK2,3,71800545,GWASCatalog
rs9360446,2 x 10-22,KHDRBS2/DHFRP5,6,62452952,GWASCatalog
rs9368503,9 x 10-11,ZNF204P/VN1R10P,6,27335966,GWASCatalog
rs9394764,1 x 10-9,TREM2/TREML2,6,41173246,GWASCatalog
rs9448565,4 x 10-8,IRAK1BP1/MEI4,6,78776801,GWASCatalog
rs9461540,5 x 10-18,SUMO2P1/MOG,6,29636487,GWASCatalog
rs9571250,2 x 10-8,LINC00355/LGMNP1,13,64684497,GWASCatalog
rs9789319,2 x 10-18,NOVA2/NANOS2,19,45925395,GWASCatalog
rs9870095,1 x 10-10,ALCAM/RAP1BP2,3,104064772,GWASCatalog
rs77342820,7 x 10-10,PKIA-AS1/HIGD1AP18,8,77546638,GWASCatalog
rs77470225,2 x 10-8,FUNDC2P2/ST6GALNAC2P1,2,84251668,GWASCatalog
rs778472728,2 x 10-15,Y_RNA/MKNK2P1,10,36851589,GWASCatalog
rs78277055,3 x 10-11,TNKS1BP1/APLNR,11,57242563,GWASCatalog
rs79267673,1 x 10-10,RPL23AP68/CYCSP30,12,87511977,GWASCatalog
rs796884303,5 x 10-11,SBNO1/RNA5SP375,12,123284375,GWASCatalog
rs79762933,1 x 10-9,SLMAP/DENND6A-DT,3,57750091,GWASCatalog
rs7988558,9 x 10-19,ATP7B/CTAGE3P,13,51921924,GWASCatalog
rs8105132,4 x 10-14,CEACAM16-AS1/CEACAM16,19,44702322,GWASCatalog
rs8113128,2 x 10-26,BLOC1S3/MARK4,19,45197399,GWASCatalog
rs814573,2 x 10-673,APOC1/APOC1P1,19,44921094,GWASCatalog
rs9925135,3 x 10-12,MAF/RNA5SP431,16,79307596,GWASCatalog
rs36054210,5 x 10-10,RNA5SP188/OR7H2P,5,101873004,GWASCatalog
rs367670643,2 x 10-21,MS4A4E/MS4A4A,11,60201232,GWASCatalog
rs3743825,1 x 10-8,URAHP/GAS8,16,90043303,GWASCatalog
rs375677,2 x 10-8,U3/LSM12,17,44031606,GWASCatalog
rs376016059,2 x 10-9,RNA5SP189/LINC01950,5,106450997,GWASCatalog
rs3916898,5 x 10-11,KLC3/ERCC2,19,45351072,GWASCatalog
rs3927683,7 x 10-9,EIF4G3/HP1BP3,1,20796024,GWASCatalog
rs6916381,1 x 10-8,RNA5SP208/RNU7-66P,6,66979214,GWASCatalog
rs6925895,1 x 10-8,ABT1/HMGN4,6,26571937,GWASCatalog
rs6957404,8 x 10-9,MTATP6P21/STAG3L4,7,67373390,GWASCatalog
rs707122,1 x 10-10,RNU6-546P/LINC01876,2,155612500,GWASCatalog
rs71055224,3 x 10-11,HNRNPCP7/ZNF680P1,7,64493618,GWASCatalog
rs7249244,1 x 10-14,BCL3/CEACAM16-AS1,19,44742441,GWASCatalog
rs72700870,8 x 10-10,GOLPH3L/ENSA,1,150636177,GWASCatalog
rs72779757,2 x 10-8,LINC02059/MIR4280HG,5,86999318,GWASCatalog
rs72793631,4 x 10-9,GRIA1/LINC01470,5,153226654,GWASCatalog
rs72886476,5 x 10-10,RNU6-706P/MIR924HG,18,39083196,GWASCatalog
rs10002506,2 x 10-8,HNRNPA1P56/FRAS1,4,78023790,GWASCatalog
rs10077003,2 x 10-14,ARL2BPP4/HINT1,5,130538107,GWASCatalog
rs10090044,1 x 10-10,EFCAB1/LINC02847,8,48692031,GWASCatalog
rs10224286,1 x 10-9,TAS2R2P/SCIN,7,12539381,GWASCatalog
rs10255318,6 x 10-9,SRRM3/GTF2IP7,7,76137486,GWASCatalog
rs10270490,1 x 10-8,NECAP1P1/ELMO1,7,37579541,GWASCatalog
rs10415392,2 x 10-42,BLOC1S3/MARK4/EXOC3L2,19,45216532,GWASCatalog
rs1059768,3 x 10-7,RTF2/GCNT7,20,56513348,GWASCatalog
rs1065853,1 x 10-108,APOE/APOC1,19,44909976,GWASCatalog
rs4499362,1 x 10-6,EPC2/RNU2-9P,2,148810827,GWASCatalog
rs4968782,4 x 10-12,CYB561/PPIAP55,17,63471115,GWASCatalog
rs61812598,6 x 10-63,IL6R,1,154447611,GWASCatalog
rs6808835,2 x 10-13,CCRL2,3,46408373,GWASCatalog
rs573521,2 x 10-44,MMP12/MMP3,11,102846249,GWASCatalog
rs2228467,4 x 10-18,KRBOX1/ACKR2/CYP8B1,3,42864624,GWASCatalog
rs17090219,9 x 10-8,TXNL1,18,56523802,GWASCatalog
rs3936289,5 x 10-7,ST6GAL1,3,187037169,GWASCatalog
rs56378310,2 x 10-6,RAB20,13,110537326,GWASCatalog
rs192470679,2 x 10-6,PDS5B,13,32716722,GWASCatalog
rs11121365,2 x 10-6,SPSB1,1,9297665,GWASCatalog
rs2484,3 x 10-6,BDH1,3,197541698,GWASCatalog
rs10903488,3 x 10-6,ADARB2,10,1563803,GWASCatalog
rs6016505,4 x 10-6,TOP1,20,41049649,GWASCatalog
rs314277,5 x 10-6,LIN28B,6,104959787,GWASCatalog
rs57905270,5 x 10-6,C2orf83,2,227621998,GWASCatalog
rs12525341,8 x 10-6,TIAM2,6,155173590,GWASCatalog
rs2858331,3 x 10-10,HLA-DQB3/MTCO3P1,6,32713500,GWASCatalog
rs6695557,8 x 10-9,PDE4B,1,65883330,GWASCatalog
rs34644948,2 x 10-8,IL34,16,70647755,GWASCatalog
rs7642934,3 x 10-8,SEMA3F-AS1,3,50137415,GWASCatalog
rs709210,4 x 10-8,TUSC2/HYAL2,3,50320438,GWASCatalog
rs28732222,1 x 10-7,HLA-DRA/HLA-DRB9,6,32459321,GWASCatalog
rs17206350,1 x 10-7,HLA-DQB3/MTCO3P1,6,32707290,GWASCatalog
rs61981931,2 x 10-6,CDKL1,14,50390164,GWASCatalog
